<?xml version="1.0" encoding="UTF-8"?>
<project-private xmlns="http://www.netbeans.org/ns/project-private/1">
    <editor-bookmarks xmlns="http://www.netbeans.org/ns/editor-bookmarks/2" lastBookmarkId="0"/>
    <open-files xmlns="http://www.netbeans.org/ns/projectui-open-files/2">
        <group>
            <file>file:/D:/Projeto%20de%20Software/ProjetoSistemaRestaurante/src/conexao/IniciarPedidosCliente.java</file>
            <file>file:/D:/Projeto%20de%20Software/ProjetoSistemaRestaurante/src/beans/Bebida.java</file>
            <file>file:/D:/Projeto%20de%20Software/ProjetoSistemaRestaurante/src/conexao/CadastrarItens.java</file>
            <file>file:/D:/Projeto%20de%20Software/ProjetoSistemaRestaurante/src/conexao/FecharContaCliente.java</file>
            <file>file:/D:/Projeto%20de%20Software/ProjetoSistemaRestaurante/src/conexao/VisualizarCarrinhoCliente.java</file>
            <file>file:/D:/Projeto%20de%20Software/ProjetoSistemaRestaurante/src/DAO/BebidaDAO.java</file>
            <file>file:/D:/Projeto%20de%20Software/ProjetoSistemaRestaurante/src/conexao/Conexao.java</file>
            <file>file:/D:/Projeto%20de%20Software/ProjetoSistemaRestaurante/src/conexao/TelaInicialCliente.java</file>
            <file>file:/D:/Projeto%20de%20Software/ProjetoSistemaRestaurante/src/conexao/EditarItens.java</file>
            <file>file:/D:/Projeto%20de%20Software/ProjetoSistemaRestaurante/src/DAO/ComidaDAO.java</file>
            <file>file:/D:/Projeto%20de%20Software/ProjetoSistemaRestaurante/src/conexao/CardapioCliente.java</file>
        </group>
    </open-files>
</project-private>
